{
  "agents": {
    "GPT": {
      "can_generate": [
        "scene",
        "script"
      ]
    },
    "Suno": {
      "can_access": [
        "scene"
      ],
      "can_generate": [
        "audio"
      ]
    },
    "MidJourney": {
      "can_access": [
        "scene"
      ],
      "can_generate": [
        "visuals"
      ]
    },
    "Veo": {
      "can_access": [
        "scene",
        "permissions"
      ],
      "can_generate": [
        "video"
      ]
    }
  },
  "flow_control": {
    "audio_before_visuals": true,
    "visuals_before_video": true
  }
}